{"cameraMode":{"drawMode":0,"name":"Shaded","section":"Shading Mode"},"sceneLighting":true,"audioPlay":false,"sceneViewState":{"m_AlwaysRefresh":false,"showFog":true,"showSkybox":true,"showFlares":true,"showImageEffects":true,"showParticleSystems":true,"showVisualEffectGraphs":true,"m_FxEnabled":true},"in2DMode":false,"pivot":{"x":1.895576000213623,"y":-0.380108118057251,"z":-1.456573486328125},"rotation":{"x":0.13340133428573609,"y":0.011887221597135067,"z":-0.0015993760898709298,"w":0.9909942746162415},"size":4.643946170806885,"orthographic":false}