{"cameraMode":{"drawMode":0,"name":"Shaded","section":"Shading Mode"},"sceneLighting":true,"audioPlay":false,"sceneViewState":{"m_AlwaysRefresh":false,"showFog":true,"showSkybox":true,"showFlares":true,"showImageEffects":true,"showParticleSystems":true,"showVisualEffectGraphs":true,"m_FxEnabled":true},"in2DMode":false,"pivot":{"x":14.26724910736084,"y":2.172145128250122,"z":0.23599204421043397},"rotation":{"x":0.05001066252589226,"y":-0.6545596718788147,"z":0.04346732795238495,"w":0.753105878829956},"size":0.8660253882408142,"orthographic":false}